                  epoch,         train/box_loss,         train/cls_loss,         train/dfl_loss,   metrics/precision(B),      metrics/recall(B),       metrics/mAP50(B),    metrics/mAP50-95(B),           val/box_loss,           val/cls_loss,           val/dfl_loss,                 lr/pg0,                 lr/pg1,                 lr/pg2
                      1,                 1.4549,                 2.0718,                 1.4565,                0.34419,                0.31612,                0.24929,                0.12145,                 1.9048,                 2.6493,                 1.9176,               0.070029,              0.0033301,              0.0033301
                      2,                 1.4274,                 1.8325,                 1.4619,                0.49342,                0.43902,                0.42419,                 0.2369,                 1.6184,                 1.9743,                  1.598,               0.040007,              0.0066415,              0.0066415
                      3,                 1.3777,                 1.6759,                 1.4349,                0.63245,                0.53206,                0.57603,                0.35025,                 1.4059,                 1.6314,                 1.4566,              0.0099631,              0.0099308,              0.0099308
                      4,                 1.3145,                 1.5228,                 1.3922,                0.70621,                0.63044,                0.69178,                0.43967,                 1.2975,                 1.2089,                 1.3527,               0.009901,               0.009901,               0.009901
                      5,                 1.2708,                 1.3946,                 1.3652,                 0.7475,                0.66384,                0.73347,                0.47584,                 1.2624,                 1.1262,                 1.3411,               0.009868,               0.009868,               0.009868
                      6,                 1.2365,                 1.3092,                 1.3427,                0.76188,                0.68159,                 0.7556,                0.50044,                 1.2155,                 1.0487,                 1.3032,               0.009835,               0.009835,               0.009835
                      7,                  1.216,                 1.2572,                 1.3268,                0.81726,                0.74027,                0.82161,                0.55415,                 1.1557,                 0.8813,                 1.2508,               0.009802,               0.009802,               0.009802
                      8,                 1.1963,                 1.2007,                 1.3102,                0.83393,                0.77321,                 0.8448,                0.57492,                 1.1364,                0.79748,                  1.237,               0.009769,               0.009769,               0.009769
                      9,                 1.1838,                 1.1702,                 1.3014,                0.83838,                0.78848,                 0.8554,                0.58752,                  1.116,                0.77927,                 1.2215,               0.009736,               0.009736,               0.009736
                     10,                 1.1723,                 1.1325,                 1.2894,                0.84453,                0.79425,                0.86045,                0.59394,                 1.1083,                 0.7497,                 1.2095,               0.009703,               0.009703,               0.009703
                     11,                 1.1576,                 1.1043,                 1.2818,                0.85069,                0.80217,                0.86798,                0.60344,                 1.0933,                0.72969,                 1.2018,                0.00967,                0.00967,                0.00967
                     12,                 1.1483,                 1.0781,                 1.2741,                0.85865,                0.80415,                0.87279,                0.60847,                  1.086,                0.71406,                 1.1949,               0.009637,               0.009637,               0.009637
                     13,                 1.1412,                 1.0614,                 1.2698,                0.85841,                0.81299,                0.87608,                 0.6129,                 1.0797,                 0.6944,                 1.1875,               0.009604,               0.009604,               0.009604
                     14,                 1.1312,                  1.043,                 1.2611,                0.86082,                0.81733,                0.88019,                0.61774,                 1.0727,                 0.6815,                 1.1798,               0.009571,               0.009571,               0.009571
                     15,                 1.1297,                   1.03,                 1.2592,                0.86619,                0.81776,                0.88164,                0.62025,                 1.0692,                0.67532,                 1.1762,               0.009538,               0.009538,               0.009538
                     16,                 1.1198,                 1.0137,                 1.2545,                0.86632,                0.82084,                0.88391,                0.62281,                 1.0652,                0.66796,                 1.1731,               0.009505,               0.009505,               0.009505
                     17,                 1.1145,                 1.0033,                 1.2502,                0.86358,                0.82744,                0.88522,                0.62467,                 1.0638,                0.66182,                  1.171,               0.009472,               0.009472,               0.009472
                     18,                 1.1111,                0.98693,                 1.2469,                0.86309,                0.82879,                 0.8861,                0.62586,                 1.0618,                0.65737,                  1.169,               0.009439,               0.009439,               0.009439
                     19,                 1.1069,                0.97847,                 1.2445,                 0.8655,                0.82828,                0.88644,                 0.6272,                   1.06,                0.65338,                 1.1674,               0.009406,               0.009406,               0.009406
                     20,                 1.1024,                0.96624,                 1.2417,                0.86675,                0.82844,                0.88683,                0.62838,                 1.0578,                0.65051,                 1.1656,               0.009373,               0.009373,               0.009373
                     21,                 1.1014,                0.95742,                 1.2385,                0.86864,                 0.8283,                0.88737,                0.62933,                 1.0562,                0.64791,                 1.1641,                0.00934,                0.00934,                0.00934
                     22,                 1.0948,                0.94781,                 1.2349,                0.87007,                0.82832,                0.88767,                0.62999,                 1.0548,                0.64638,                 1.1627,               0.009307,               0.009307,               0.009307
                     23,                 1.0924,                0.94334,                 1.2343,                0.87011,                 0.8273,                0.88713,                0.63012,                 1.0535,                0.64615,                 1.1616,               0.009274,               0.009274,               0.009274
                     24,                 1.0865,                  0.932,                  1.229,                0.86968,                0.82699,                0.88678,                0.63037,                  1.052,                0.64634,                 1.1602,               0.009241,               0.009241,               0.009241
                     25,                 1.0861,                0.92785,                  1.229,                0.87138,                0.82455,                0.88653,                0.63094,                 1.0511,                0.64614,                 1.1592,               0.009208,               0.009208,               0.009208
                     26,                 1.0804,                0.91698,                 1.2259,                0.87177,                0.82346,                0.88586,                0.63105,                 1.0505,                0.64699,                 1.1584,               0.009175,               0.009175,               0.009175
                     27,                 1.0796,                0.91341,                 1.2222,                0.87224,                0.82229,                0.88556,                0.63146,                 1.0497,                0.64717,                 1.1573,               0.009142,               0.009142,               0.009142
                     28,                 1.0751,                0.90811,                 1.2207,                0.87324,                0.82186,                 0.8855,                0.63181,                 1.0483,                 0.6479,                 1.1563,               0.009109,               0.009109,               0.009109
                     29,                 1.0726,                0.90244,                 1.2207,                0.87291,                0.82165,                0.88506,                0.63177,                 1.0476,                0.64859,                 1.1556,               0.009076,               0.009076,               0.009076
                     30,                 1.0719,                  0.895,                 1.2192,                0.87363,                0.82107,                0.88546,                0.63262,                 1.0459,                0.64823,                 1.1545,               0.009043,               0.009043,               0.009043
                     31,                 1.0699,                0.89209,                 1.2173,                0.87289,                0.82104,                0.88523,                 0.6332,                 1.0448,                0.64766,                 1.1537,                0.00901,                0.00901,                0.00901
                     32,                 1.0662,                0.88444,                 1.2145,                0.87294,                0.82065,                0.88535,                0.63381,                 1.0435,                0.64717,                 1.1529,               0.008977,               0.008977,               0.008977
                     33,                 1.0605,                0.87564,                  1.211,                0.87316,                0.82143,                 0.8857,                 0.6341,                 1.0428,                0.64583,                 1.1522,               0.008944,               0.008944,               0.008944
                     34,                 1.0628,                0.87788,                 1.2118,                0.87387,                0.82024,                0.88567,                0.63462,                 1.0424,                0.64549,                 1.1516,               0.008911,               0.008911,               0.008911
                     35,                 1.0596,                 0.8716,                 1.2083,                0.87376,                0.82144,                 0.8861,                0.63498,                 1.0421,                0.64419,                 1.1508,               0.008878,               0.008878,               0.008878
                     36,                 1.0623,                0.86691,                 1.2096,                0.87496,                0.82185,                 0.8867,                0.63565,                 1.0418,                0.64186,                 1.1498,               0.008845,               0.008845,               0.008845
                     37,                 1.0573,                0.86089,                 1.2072,                0.87435,                0.82428,                0.88693,                0.63634,                 1.0412,                0.63913,                 1.1486,               0.008812,               0.008812,               0.008812
                     38,                 1.0523,                0.85966,                 1.2039,                0.87565,                0.82452,                0.88758,                 0.6369,                  1.041,                0.63611,                 1.1476,               0.008779,               0.008779,               0.008779
                     39,                 1.0548,                 0.8584,                 1.2022,                0.87461,                0.82642,                 0.8882,                0.63782,                 1.0402,                0.63321,                 1.1461,               0.008746,               0.008746,               0.008746
                     40,                 1.0514,                0.85622,                 1.2024,                0.87582,                0.82667,                0.88932,                0.63888,                 1.0387,                0.62848,                 1.1447,               0.008713,               0.008713,               0.008713
                     41,                 1.0533,                0.84737,                 1.2014,                0.87718,                0.82715,                0.89007,                0.63989,                 1.0379,                0.62515,                 1.1436,                0.00868,                0.00868,                0.00868
                     42,                 1.0512,                0.84561,                 1.2009,                0.87801,                0.82888,                0.89094,                 0.6407,                 1.0376,                0.62153,                 1.1424,               0.008647,               0.008647,               0.008647
                     43,                 1.0452,                0.84342,                 1.1964,                0.87868,                0.83016,                0.89178,                0.64145,                  1.037,                0.61825,                 1.1413,               0.008614,               0.008614,               0.008614
                     44,                 1.0464,                0.84091,                 1.1972,                0.88017,                0.83079,                 0.8925,                0.64221,                 1.0362,                0.61519,                 1.1398,               0.008581,               0.008581,               0.008581
                     45,                 1.0456,                0.83945,                 1.1959,                0.88038,                0.83153,                0.89314,                0.64278,                 1.0358,                0.61147,                 1.1386,               0.008548,               0.008548,               0.008548
                     46,                 1.0445,                0.83791,                 1.1982,                0.88007,                0.83371,                0.89397,                0.64364,                 1.0346,                 0.6078,                 1.1375,               0.008515,               0.008515,               0.008515
                     47,                 1.0422,                0.83369,                 1.1982,                 0.8803,                0.83582,                0.89505,                0.64453,                 1.0337,                0.60453,                 1.1368,               0.008482,               0.008482,               0.008482
                     48,                  1.036,                0.82869,                 1.1946,                0.88026,                0.83751,                0.89527,                0.64487,                  1.035,                0.60658,                 1.1377,               0.008449,               0.008449,               0.008449
                     49,                 1.0376,                0.82743,                 1.1934,                0.87942,                0.83922,                0.89617,                0.64608,                 1.0339,                 0.6035,                 1.1367,               0.008416,               0.008416,               0.008416
                     50,                 1.0331,                0.82254,                 1.1909,                0.87836,                0.84141,                0.89662,                0.64667,                 1.0328,                0.60127,                 1.1358,               0.008383,               0.008383,               0.008383
                     51,                 1.0387,                 0.8203,                 1.1919,                0.87865,                0.84214,                0.89751,                0.64724,                 1.0345,                0.60585,                 1.1359,                0.00835,                0.00835,                0.00835
                     52,                 1.0365,                0.82146,                 1.1925,                0.87904,                0.84227,                0.89786,                0.64771,                 1.0335,                0.60388,                 1.1349,               0.008317,               0.008317,               0.008317
                     53,                 1.0334,                0.81748,                 1.1902,                0.87763,                0.84485,                0.89829,                0.64827,                 1.0328,                0.60134,                 1.1343,               0.008284,               0.008284,               0.008284
                     54,                 1.0309,                0.81173,                 1.1874,                0.87848,                0.84587,                0.89902,                0.64893,                 1.0321,                0.59924,                 1.1334,               0.008251,               0.008251,               0.008251
                     55,                 1.0299,                0.80925,                 1.1855,                0.87775,                0.84969,                0.89982,                0.64943,                 1.0318,                0.59787,                 1.1328,               0.008218,               0.008218,               0.008218
                     56,                 1.0291,                0.80739,                 1.1887,                0.87891,                0.84959,                0.89989,                0.64945,                  1.031,                0.59659,                 1.1323,               0.008185,               0.008185,               0.008185
                     57,                 1.0285,                0.80687,                 1.1867,                0.88031,                 0.8491,                0.90047,                0.64993,                 1.0308,                0.59507,                 1.1317,               0.008152,               0.008152,               0.008152
                     58,                 1.0286,                0.80752,                 1.1868,                0.88142,                0.84948,                0.90084,                0.65005,                 1.0303,                0.59383,                 1.1314,               0.008119,               0.008119,               0.008119
                     59,                 1.0288,                0.80481,                 1.1832,                0.88196,                0.84972,                0.90179,                0.65075,                 1.0309,                0.59232,                 1.1305,               0.008086,               0.008086,               0.008086
                     60,                 1.0249,                0.79795,                 1.1824,                0.88249,                0.85019,                0.90197,                0.65129,                 1.0302,                0.59094,                 1.1296,               0.008053,               0.008053,               0.008053
                     61,                 1.0254,                0.80041,                 1.1849,                0.88465,                0.85002,                0.90235,                0.65165,                 1.0298,                0.58913,                 1.1293,                0.00802,                0.00802,                0.00802
                     62,                 1.0231,                0.79625,                 1.1839,                0.88564,                0.85033,                0.90273,                0.65198,                 1.0294,                 0.5872,                 1.1291,               0.007987,               0.007987,               0.007987
                     63,                 1.0252,                0.79631,                 1.1833,                 0.8853,                0.85149,                0.90287,                 0.6524,                 1.0292,                0.58607,                 1.1287,               0.007954,               0.007954,               0.007954
                     64,                 1.0222,                0.79265,                 1.1813,                0.88554,                0.85127,                0.90314,                0.65273,                  1.029,                0.58492,                 1.1285,               0.007921,               0.007921,               0.007921
                     65,                 1.0244,                0.79194,                 1.1823,                0.88479,                0.85184,                0.90344,                0.65301,                 1.0292,                0.58652,                 1.1281,               0.007888,               0.007888,               0.007888
                     66,                 1.0191,                0.78792,                 1.1805,                0.88612,                0.85133,                0.90369,                0.65329,                 1.0285,                0.58524,                 1.1277,               0.007855,               0.007855,               0.007855
                     67,                   1.02,                0.79044,                 1.1806,                0.88683,                0.85175,                0.90413,                0.65329,                 1.0281,                0.58397,                 1.1276,               0.007822,               0.007822,               0.007822
                     68,                  1.016,                0.78559,                 1.1798,                0.88469,                0.85336,                0.90423,                0.65375,                 1.0277,                0.58348,                 1.1275,               0.007789,               0.007789,               0.007789
                     69,                 1.0165,                0.78401,                 1.1787,                0.88541,                0.85356,                0.90429,                0.65404,                 1.0273,                0.58259,                 1.1274,               0.007756,               0.007756,               0.007756
                     70,                 1.0177,                0.78119,                 1.1785,                0.88451,                 0.8545,                0.90418,                 0.6525,                 1.0346,                0.59529,                 1.1303,               0.007723,               0.007723,               0.007723
                     71,                 1.0161,                0.77995,                 1.1759,                0.88348,                0.85669,                0.90467,                0.65327,                 1.0339,                0.59406,                 1.1296,                0.00769,                0.00769,                0.00769
                     72,                 1.0169,                0.78339,                 1.1805,                 0.8784,                0.85682,                0.90088,                 0.6445,                 1.0359,                0.59313,                 1.1328,               0.007657,               0.007657,               0.007657
                     73,                 1.0167,                0.78032,                 1.1764,                 0.8768,                0.85952,                0.90135,                0.64463,                 1.0355,                0.59215,                 1.1323,               0.007624,               0.007624,               0.007624
                     74,                 1.0131,                  0.778,                 1.1738,                0.87676,                0.86047,                0.90191,                0.64514,                 1.0351,                0.59124,                 1.1314,               0.007591,               0.007591,               0.007591
                     75,                 1.0141,                0.77344,                 1.1743,                0.87585,                0.85564,                0.89321,                0.62751,                 1.0353,                0.60524,                 1.1323,               0.007558,               0.007558,               0.007558
                     76,                 1.0103,                0.77532,                  1.174,                0.87451,                0.85659,                0.89314,                0.62773,                  1.035,                0.60476,                 1.1318,               0.007525,               0.007525,               0.007525
                     77,                 1.0119,                0.77083,                 1.1743,                0.87401,                0.85768,                0.89313,                0.62778,                 1.0348,                0.60401,                 1.1316,               0.007492,               0.007492,               0.007492
                     78,                 1.0117,                0.77038,                 1.1741,                0.87626,                0.85708,                0.89334,                0.62618,                 1.0438,                0.61117,                 1.1368,               0.007459,               0.007459,               0.007459
                     79,                 1.0086,                0.76704,                 1.1746,                0.85751,                0.86325,                0.86915,                0.58892,                 1.0438,                0.67728,                 1.1387,               0.007426,               0.007426,               0.007426
                     80,                 1.0112,                 0.7677,                  1.173,                0.85721,                0.86385,                0.86895,                0.58875,                 1.0434,                0.67674,                 1.1384,               0.007393,               0.007393,               0.007393
                     81,                 1.0083,                 0.7654,                 1.1699,                0.85695,                0.86447,                0.86882,                0.58855,                 1.0436,                0.67692,                 1.1381,                0.00736,                0.00736,                0.00736
                     82,                 1.0068,                0.76187,                 1.1697,                0.84533,                0.86727,                0.86586,                0.58555,                 1.0434,                0.69839,                 1.1381,               0.007327,               0.007327,               0.007327
                     83,                 1.0052,                0.76341,                 1.1702,                0.83597,                0.87046,                0.86274,                0.58236,                 1.0435,                 0.7109,                 1.1382,               0.007294,               0.007294,               0.007294
                     84,                 1.0032,                0.76272,                 1.1684,                0.83571,                0.86987,                0.86232,                0.58222,                 1.0435,                0.71131,                  1.138,               0.007261,               0.007261,               0.007261
                     85,                 1.0055,                0.76199,                 1.1691,                0.83557,                0.87045,                0.86193,                0.57774,                 1.0627,                0.72088,                 1.1444,               0.007228,               0.007228,               0.007228
                     86,                 1.0051,                0.76211,                 1.1713,                0.83547,                0.87075,                0.86198,                0.57796,                 1.0625,                0.72067,                 1.1442,               0.007195,               0.007195,               0.007195
                     87,                 1.0043,                0.75986,                 1.1702,                0.84521,                0.87107,                 0.8679,                0.58462,                  1.063,                 0.7041,                 1.1443,               0.007162,               0.007162,               0.007162
                     88,                 1.0036,                0.75995,                 1.1665,                0.84459,                0.87032,                0.86761,                0.58454,                 1.0621,                 0.7043,                 1.1435,               0.007129,               0.007129,               0.007129
                     89,                 1.0027,                0.75641,                  1.169,                0.80068,                0.87039,                0.84417,                0.56134,                 1.0633,                0.79918,                 1.1472,               0.007096,               0.007096,               0.007096
                     90,                  1.001,                0.75605,                  1.168,                0.80038,                0.87056,                0.84415,                0.56126,                 1.0629,                0.80047,                 1.1471,               0.007063,               0.007063,               0.007063
                     91,                0.99917,                0.74908,                 1.1643,                0.77766,                0.87658,                0.82821,                0.54812,                  1.064,                0.87226,                  1.149,                0.00703,                0.00703,                0.00703
                     92,                0.99851,                0.75346,                 1.1652,                0.77045,                0.87934,                0.82084,                0.54279,                 1.0637,                0.89836,                 1.1493,               0.006997,               0.006997,               0.006997
                     93,                 1.0015,                0.75389,                 1.1674,                0.76896,                0.87963,                0.81997,                0.54108,                 1.0716,                0.90155,                 1.1547,               0.006964,               0.006964,               0.006964
                     94,                0.99702,                0.74797,                  1.164,                0.77046,                0.87771,                0.82038,                0.54051,                 1.0804,                0.90109,                 1.1584,               0.006931,               0.006931,               0.006931
                     95,                0.99786,                0.74821,                 1.1639,                0.76857,                0.87886,                0.82001,                0.54028,                 1.0806,                0.90219,                 1.1584,               0.006898,               0.006898,               0.006898
                     96,                0.99588,                0.74606,                 1.1653,                0.76556,                0.87952,                0.81932,                0.54055,                 1.0805,                 0.9042,                 1.1587,               0.006865,               0.006865,               0.006865
                     97,                0.99693,                0.74763,                 1.1649,                0.76208,                0.87904,                0.81832,                0.53683,                 1.0987,                0.90862,                 1.1663,               0.006832,               0.006832,               0.006832
                     98,                0.99456,                0.74441,                 1.1645,                0.76111,                0.87905,                0.81722,                0.53641,                 1.0984,                 0.9105,                 1.1658,               0.006799,               0.006799,               0.006799
                     99,                0.99224,                0.74462,                 1.1661,                0.75279,                0.87682,                0.81359,                0.51519,                 1.1907,                0.92787,                 1.2013,               0.006766,               0.006766,               0.006766
                    100,                0.99423,                 0.7405,                 1.1627,                0.75148,                0.87732,                0.81285,                0.51452,                 1.1905,                0.92949,                 1.2007,               0.006733,               0.006733,               0.006733
                    101,                0.99331,                0.74293,                  1.164,                0.71929,                0.86416,                0.80088,                0.50259,                 1.2033,                0.94941,                 1.2066,                 0.0067,                 0.0067,                 0.0067
                    102,                0.99366,                0.74143,                 1.1624,                 0.7285,                0.85823,                0.80647,                0.51114,                 1.2027,                0.94829,                 1.2084,               0.006667,               0.006667,               0.006667
                    103,                0.99338,                0.73954,                 1.1632,                0.72425,                0.85647,                0.80423,                 0.5092,                 1.2107,                0.95332,                 1.2142,               0.006634,               0.006634,               0.006634
                    104,                0.99288,                0.73976,                 1.1617,                0.72431,                0.85613,                0.80429,                0.50878,                 1.2108,                0.95457,                 1.2142,               0.006601,               0.006601,               0.006601
                    105,                0.98798,                0.73634,                 1.1617,                0.72369,                0.85558,                0.80327,                0.50868,                 1.2113,                0.95548,                 1.2146,               0.006568,               0.006568,               0.006568
                    106,                0.98966,                0.73638,                 1.1606,                0.72359,                0.85394,                0.80325,                0.50812,                 1.2107,                0.95657,                 1.2142,               0.006535,               0.006535,               0.006535
                    107,                0.99205,                0.73851,                 1.1629,                0.70112,                0.86127,                0.79014,                 0.4952,                 1.2292,                0.98054,                 1.2265,               0.006502,               0.006502,               0.006502
                    108,                0.99118,                0.73488,                  1.162,                0.70065,                0.86222,                 0.7901,                0.49543,                 1.2289,                0.98081,                 1.2264,               0.006469,               0.006469,               0.006469
                    109,                0.98908,                0.73444,                 1.1589,                0.70039,                 0.8646,                0.79002,                0.49552,                 1.2283,                0.98068,                 1.2258,               0.006436,               0.006436,               0.006436
                    110,                0.98848,                0.73199,                 1.1591,                0.70071,                0.86491,                0.78968,                0.49528,                 1.2281,                0.97985,                 1.2257,               0.006403,               0.006403,               0.006403
                    111,                0.98965,                0.73199,                 1.1573,                    0.7,                0.86375,                0.78859,                0.49438,                 1.2293,                 0.9806,                 1.2258,                0.00637,                0.00637,                0.00637
                    112,                0.98743,                0.73036,                 1.1597,                0.69882,                0.86309,                0.78825,                0.49395,                 1.2299,                0.98132,                 1.2257,               0.006337,               0.006337,               0.006337
                    113,                0.98832,                0.72898,                 1.1599,                0.69885,                0.86196,                  0.788,                 0.4935,                 1.2302,                0.98155,                 1.2256,               0.006304,               0.006304,               0.006304
                    114,                0.98617,                0.72519,                 1.1577,                0.69835,                0.86187,                0.78741,                0.49348,                   1.23,                0.98156,                 1.2253,               0.006271,               0.006271,               0.006271
                    115,                0.98507,                0.72688,                  1.157,                0.69743,                0.86227,                0.78682,                0.49328,                 1.2307,                 0.9831,                 1.2254,               0.006238,               0.006238,               0.006238
                    116,                0.98512,                0.73046,                 1.1585,                0.66168,                0.84874,                0.77258,                0.48044,                 1.2723,                 0.9857,                 1.2418,               0.006205,               0.006205,               0.006205
                    117,                0.98621,                0.72549,                 1.1562,                0.67139,                0.84749,                0.77896,                0.48442,                 1.2719,                0.97147,                 1.2412,               0.006172,               0.006172,               0.006172
                    118,                0.98268,                0.72211,                 1.1556,                0.67081,                0.84973,                0.77891,                0.48448,                 1.2714,                0.97239,                 1.2413,               0.006139,               0.006139,               0.006139
                    119,                0.98262,                0.72173,                 1.1552,                0.67146,                0.84907,                0.77878,                0.48435,                 1.2712,                0.97309,                 1.2417,               0.006106,               0.006106,               0.006106
                    120,                0.98325,                0.72445,                 1.1572,                0.67049,                 0.8513,                0.77892,                0.48426,                 1.2715,                 0.9741,                 1.2423,               0.006073,               0.006073,               0.006073
                    121,                0.98178,                0.72107,                 1.1541,                0.67154,                0.85002,                0.77874,                0.48399,                 1.2719,                0.97471,                 1.2425,                0.00604,                0.00604,                0.00604
                    122,                0.98231,                0.71914,                 1.1568,                0.64656,                0.84702,                0.76664,                0.47599,                 1.2725,                 1.0313,                  1.244,               0.006007,               0.006007,               0.006007
                    123,                 0.9788,                0.71947,                 1.1552,                0.64598,                0.84604,                0.76644,                0.47562,                 1.2733,                 1.0318,                 1.2445,               0.005974,               0.005974,               0.005974
                    124,                0.98134,                0.72032,                 1.1573,                0.64882,                0.84248,                0.76642,                0.47569,                 1.2735,                 1.0323,                 1.2448,               0.005941,               0.005941,               0.005941
                    125,                0.97862,                0.71907,                 1.1555,                0.64892,                0.84239,                0.76624,                0.47571,                 1.2742,                 1.0324,                 1.2448,               0.005908,               0.005908,               0.005908
                    126,                0.98258,                0.71737,                 1.1546,                0.65065,                 0.8418,                0.76698,                0.47605,                 1.2736,                 1.0308,                  1.244,               0.005875,               0.005875,               0.005875
                    127,                 0.9799,                0.71589,                 1.1547,                0.65359,                0.83961,                0.76772,                 0.4771,                 1.2725,                 1.0307,                 1.2436,               0.005842,               0.005842,               0.005842
                    128,                0.97545,                0.71243,                 1.1521,                0.65374,                0.84088,                0.76809,                0.47729,                 1.2725,                 1.0297,                 1.2437,               0.005809,               0.005809,               0.005809
                    129,                0.97806,                0.71794,                 1.1557,                0.64663,                0.83506,                0.76485,                0.47388,                 1.2859,                 1.0301,                  1.253,               0.005776,               0.005776,               0.005776
                    130,                0.97669,                0.71627,                 1.1559,                0.64767,                0.83496,                0.76541,                0.47428,                 1.2852,                 1.0297,                 1.2531,               0.005743,               0.005743,               0.005743
                    131,                0.97661,                0.71213,                 1.1559,                0.64728,                0.83341,                0.76482,                0.47387,                 1.2853,                 1.0308,                  1.253,                0.00571,                0.00571,                0.00571
                    132,                0.97516,                0.71159,                 1.1524,                0.63134,                0.82326,                0.75341,                 0.4664,                 1.2847,                 1.0771,                 1.2535,               0.005677,               0.005677,               0.005677
                    133,                0.97665,                0.71153,                 1.1543,                  0.631,                0.82258,                0.75289,                0.46626,                 1.2829,                 1.0772,                  1.253,               0.005644,               0.005644,               0.005644
                    134,                0.97395,                0.70945,                 1.1519,                0.63192,                0.82323,                0.75316,                0.46636,                 1.2824,                 1.0768,                 1.2529,               0.005611,               0.005611,               0.005611
                    135,                 0.9752,                0.71044,                 1.1523,                0.63184,                0.82215,                0.75297,                0.46644,                  1.282,                 1.0773,                 1.2527,               0.005578,               0.005578,               0.005578
                    136,                0.97649,                0.70983,                 1.1529,                0.63091,                0.82175,                0.75226,                0.46584,                 1.2824,                 1.0778,                 1.2527,               0.005545,               0.005545,               0.005545
                    137,                0.97551,                0.70666,                 1.1512,                0.63146,                0.82236,                0.75253,                0.46578,                 1.2821,                 1.0788,                 1.2521,               0.005512,               0.005512,               0.005512
                    138,                 0.9704,                0.70448,                 1.1483,                0.63199,                0.82314,                0.75234,                0.46557,                 1.2829,                 1.0793,                 1.2521,               0.005479,               0.005479,               0.005479
                    139,                0.97527,                0.70822,                 1.1514,                0.63262,                0.82307,                0.75224,                0.46559,                 1.2823,                 1.0803,                 1.2514,               0.005446,               0.005446,               0.005446
                    140,                0.97196,                0.70466,                  1.149,                0.63293,                0.82358,                0.75224,                 0.4653,                 1.2825,                 1.0799,                 1.2512,               0.005413,               0.005413,               0.005413
                    141,                0.97159,                 0.7048,                 1.1492,                0.61094,                0.75035,                0.72475,                0.44779,                 1.2817,                 1.1951,                 1.2525,                0.00538,                0.00538,                0.00538
                    142,                 0.9715,                0.70155,                 1.1474,                0.61019,                0.74901,                0.72475,                0.44752,                 1.2831,                 1.1962,                 1.2526,               0.005347,               0.005347,               0.005347
                    143,                0.97021,                0.70119,                  1.148,                0.61075,                0.74697,                0.72402,                0.44702,                 1.2836,                 1.1968,                 1.2526,               0.005314,               0.005314,               0.005314
                    144,                0.96932,                0.70112,                 1.1465,                0.60925,                0.74332,                0.72318,                0.44636,                 1.2849,                  1.198,                 1.2532,               0.005281,               0.005281,               0.005281
                    145,                0.96734,                 0.6998,                 1.1461,                0.60801,                0.74319,                0.72286,                0.44617,                 1.2853,                 1.1975,                 1.2532,               0.005248,               0.005248,               0.005248
                    146,                0.96851,                0.70003,                 1.1483,                0.60811,                0.74297,                0.72271,                 0.4458,                 1.2851,                  1.198,                 1.2532,               0.005215,               0.005215,               0.005215
                    147,                0.96987,                 0.7018,                 1.1485,                0.61016,                0.73942,                0.72297,                0.44604,                 1.2848,                 1.1998,                  1.253,               0.005182,               0.005182,               0.005182
                    148,                0.96602,                 0.6941,                 1.1458,                0.61037,                0.73845,                0.72272,                0.44598,                 1.2857,                 1.2012,                  1.253,               0.005149,               0.005149,               0.005149
                    149,                0.96566,                0.69634,                 1.1449,                0.60889,                 0.7365,                0.72231,                 0.4459,                  1.285,                 1.2023,                 1.2525,               0.005116,               0.005116,               0.005116
                    150,                0.96971,                0.69657,                  1.149,                0.60964,                0.73774,                0.72282,                 0.4461,                  1.286,                 1.2015,                  1.253,               0.005083,               0.005083,               0.005083
                    151,                0.96442,                0.69377,                 1.1462,                0.61055,                0.73699,                0.72353,                0.44644,                 1.2863,                  1.202,                 1.2532,                0.00505,                0.00505,                0.00505
                    152,                0.96479,                 0.6952,                 1.1454,                0.60909,                0.73488,                0.72295,                 0.4466,                 1.2865,                 1.2018,                 1.2533,               0.005017,               0.005017,               0.005017
                    153,                0.96379,                0.69667,                 1.1464,                0.60774,                0.73387,                0.72309,                0.44655,                 1.2857,                 1.2025,                 1.2532,               0.004984,               0.004984,               0.004984
                    154,                0.96644,                0.69451,                 1.1446,                0.60853,                0.73237,                0.72326,                0.44664,                 1.2855,                 1.2035,                 1.2531,               0.004951,               0.004951,               0.004951
                    155,                0.96832,                0.69505,                 1.1468,                0.60859,                0.73151,                0.72335,                0.44684,                 1.2845,                 1.2042,                 1.2525,               0.004918,               0.004918,               0.004918
                    156,                0.96334,                0.69269,                 1.1428,                0.60804,                0.72919,                0.72268,                0.44652,                  1.284,                 1.2057,                 1.2519,               0.004885,               0.004885,               0.004885
                    157,                0.96457,                0.69143,                 1.1425,                 0.6064,                0.72923,                0.72249,                0.44631,                 1.2845,                 1.2065,                 1.2517,               0.004852,               0.004852,               0.004852
                    158,                0.96221,                0.68882,                 1.1441,                  0.606,                0.73025,                0.72291,                0.44669,                 1.2844,                 1.2055,                 1.2518,               0.004819,               0.004819,               0.004819
                    159,                0.96075,                0.68906,                 1.1461,                0.60376,                0.72772,                0.72257,                0.44709,                 1.2836,                  1.205,                  1.252,               0.004786,               0.004786,               0.004786
                    160,                0.96194,                0.68686,                  1.144,                0.60545,                0.72685,                0.72364,                0.44785,                 1.2842,                 1.2049,                 1.2523,               0.004753,               0.004753,               0.004753
                    161,                0.96284,                0.68648,                 1.1456,                0.60669,                0.72153,                0.72363,                0.44775,                 1.2843,                 1.2064,                 1.2523,                0.00472,                0.00472,                0.00472
                    162,                0.96302,                0.68624,                 1.1432,                0.60664,                0.71861,                0.72346,                0.44776,                 1.2836,                 1.2064,                 1.2516,               0.004687,               0.004687,               0.004687
                    163,                0.95937,                0.68718,                 1.1421,                0.60731,                0.71561,                 0.7231,                0.44744,                 1.2839,                 1.2083,                 1.2517,               0.004654,               0.004654,               0.004654
                    164,                0.96454,                0.68525,                 1.1436,                0.60687,                0.71406,                0.72295,                0.44755,                 1.2837,                 1.2082,                 1.2516,               0.004621,               0.004621,               0.004621
                    165,                0.96065,                 0.6851,                 1.1437,                0.60658,                 0.7117,                0.72316,                0.44772,                  1.282,                  1.209,                  1.251,               0.004588,               0.004588,               0.004588
                    166,                0.96025,                 0.6861,                 1.1423,                0.60801,                0.70849,                0.72314,                0.44786,                 1.2806,                   1.21,                 1.2505,               0.004555,               0.004555,               0.004555
                    167,                0.95935,                0.68314,                 1.1401,                 0.6064,                0.70654,                0.72315,                0.44777,                 1.2793,                 1.2107,                 1.2497,               0.004522,               0.004522,               0.004522
                    168,                0.95956,                0.68432,                 1.1431,                0.60756,                 0.7044,                0.72337,                0.44816,                 1.2784,                 1.2121,                 1.2497,               0.004489,               0.004489,               0.004489
                    169,                0.95632,                 0.6804,                 1.1409,                0.60654,                0.70195,                0.72258,                0.44803,                  1.277,                 1.2126,                 1.2493,               0.004456,               0.004456,               0.004456
